"COMPENDIUM_BUNDLE__C","COMPENDIUM_ENTRY__C","ID","NAME"
"a3f2i0000001IXrAAM","a3Q2i000000KTzTEAW","a3h2i0000002QUXAA2","CBA-000016"
"a3f2i0000001IXrAAM","a3Q2i000000KU2wEAG","a3h2i0000002QUYAA2","CBA-000017"
"a3f2i0000001IXrAAM","a3Q2i000000KTwfEAG","a3h2i0000002QUZAA2","CBA-000018"
"a3f2i0000001IXrAAM","a3Q2i000000KTwiEAG","a3h2i0000002QUaAAM","CBA-000019"
"a3f2i0000001IKZAA2","a3Q2i000000KU2wEAG","a3h2i0000002RHfAAM","CBA-000050"
"a3f2i0000001IKZAA2","a3Q2i000000KTwcEAG","a3h2i0000002RHgAAM","CBA-000051"
"a3f2i0000001IKZAA2","a3Q2i000000KU2SEAW","a3h2i0000002RHhAAM","CBA-000052"
"a3f2i0000001IKZAA2","a3Q2i000000KU0NEAW","a3h2i0000002RHiAAM","CBA-000053"
"a3f2i0000001IKZAA2","a3Q2i000000KU0OEAW","a3h2i0000002RHjAAM","CBA-000054"
"a3f2i0000001IKZAA2","a3Q2i000000KU39EAG","a3h2i0000002RHkAAM","CBA-000055"
"a3f2i0000001IKZAA2","a3Q2i000000KU0gEAG","a3h2i0000002RHlAAM","CBA-000056"
"a3f2i0000001IKZAA2","a3Q2i000000KU0jEAG","a3h2i0000002RHmAAM","CBA-000057"
"a3f2i0000001IKZAA2","a3Q2i000000KU1EEAW","a3h2i0000002RHnAAM","CBA-000058"
"a3f2i0000001IKZAA2","a3Q2i000000KU0kEAG","a3h2i0000002RHoAAM","CBA-000059"
"a3f2i0000001IKZAA2","a3Q2i000000KU0lEAG","a3h2i0000002RHpAAM","CBA-000060"
"a3f2i0000001IKZAA2","a3Q2i000000KU0mEAG","a3h2i0000002RHqAAM","CBA-000061"
"a3f2i0000001IKZAA2","a3Q2i000000KU0nEAG","a3h2i0000002RHrAAM","CBA-000062"
"a3f2i0000001IKZAA2","a3Q2i000000KU0pEAG","a3h2i0000002RHsAAM","CBA-000063"
"a3f2i0000001IKZAA2","a3Q2i000000KU0vEAG","a3h2i0000002RHtAAM","CBA-000064"
"a3f2i0000001IKZAA2","a3Q2i000000KU1QEAW","a3h2i0000002RHuAAM","CBA-000065"
"a3f2i0000001IKZAA2","a3Q2i000000KU0zEAG","a3h2i0000002RHvAAM","CBA-000066"
"a3f2i0000001IKZAA2","a3Q2i000000KU10EAG","a3h2i0000002RHwAAM","CBA-000067"
"a3f2i0000001IKZAA2","a3Q2i000000KU11EAG","a3h2i0000002RHxAAM","CBA-000068"
"a3f2i0000001IKZAA2","a3Q2i000000KU12EAG","a3h2i0000002RHyAAM","CBA-000069"
"a3f2i0000001IKZAA2","a3Q2i000000KU0yEAG","a3h2i0000002RHzAAM","CBA-000070"
"a3f2i0000001IKZAA2","a3Q2i000000KU0xEAG","a3h2i0000002RI0AAM","CBA-000071"
"a3f2i0000001IKZAA2","a3Q2i000000KTzAEAW","a3h2i0000002RI1AAM","CBA-000072"
"a3f2i0000001IY4AAM","a3Q2i000000KU01EAG","a3h2i0000002QVFAA2","CBA-000047"
"a3f2i0000001IY4AAM","a3Q2i000000KU07EAG","a3h2i0000002QVGAA2","CBA-000048"
"a3f2i0000001IY4AAM","a3Q2i000000KTxWEAW","a3h2i0000002QVHAA2","CBA-000049"
